Comment,Designator,Footprint,LCSC Part #
4.7 uF 50 V X7R 1206,C1,C_1206_3216Metric,
100 nF 50 V X7R 0603,C2,C_0603_1608Metric,
100 nF 25 V X7R 0603,"C3,C6,C7",C_0603_1608Metric,
22 uF 10 V X5R 1206,"C4,C5",C_1206_3216Metric,
4.7 nF 50 V X7R 0603,C8,C_0603_1608Metric,
SS16 (60 V 1 A),D1,D_SMA,
SMAJ26A,D2,D_SMA,
Nexperia PMEG6010CEH,D3,D_SOD-123F,
onsemi NUP2105LT1G,D4,SOT-23,
Littelfuse 1812L050/30DR,F1,Fuse_1812_4532Metric,
JST B4B-PH-SM4-TB,J1,JST_PH_B4B-PH-SM4-TB_1x04-1MP_P2.00mm_Vertical,
"2x14 socket 1.27 mm THT, to mate with the display's header",J2,PinSocket_2x14_P1.27mm_Vertical,
"Sunlord SWPA4026S220MT (22 uH, 1 A)",L1,L_Sunlord_SWPA4026S,
100 k 1% 0603,R1,R_0603_1608Metric,
56 k 1% 0603,R2,R_0603_1608Metric,
10 k 1% 0603,R3,R_0603_1608Metric,
60.4 R 1% 0805,"R4,R5",R_0805_2012Metric,
TI LMR16006YDDCR,U1,SOT-23-6,
NXP TJA1051T/3,U2,SOIC-8_3.9x4.9mm_P1.27mm,
