Ref,Val,Package,PosX,PosY,Rot,Side
"C1","47u/50V","CP_Elec_8x10",175.000000,-59.500000,0.000000,top
"C2","47u/50V","CP_Elec_8x10",189.295000,-56.445000,0.000000,top
"C3","100n/50V","C_0805_2012Metric",191.695000,-68.505000,0.000000,top
"C4","22u/10V tant","CP_EIA-3528-21_Kemet-B",210.575000,-63.885000,0.000000,top
"C5","100n","C_0805_2012Metric",196.485000,-68.505000,0.000000,top
"C8","220n/100V","C_0805_2012Metric",206.065000,-68.505000,0.000000,top
"C13","10n","C_0805_2012Metric",154.245000,-80.075000,0.000000,top
"C14","10n","C_0805_2012Metric",159.035000,-80.075000,0.000000,top
"C15","10n","C_0805_2012Metric",163.825000,-80.075000,0.000000,top
"C16","10n","C_0805_2012Metric",168.615000,-80.075000,0.000000,top
"C17","10n","C_0805_2012Metric",173.405000,-80.075000,0.000000,top
"C18","100n","C_0805_2012Metric",130.745000,-63.575000,0.000000,top
"C19","100n","C_0805_2012Metric",135.535000,-63.575000,0.000000,top
"C20","100n","C_0805_2012Metric",109.745000,-68.365000,0.000000,top
"C21","100n","C_0805_2012Metric",114.535000,-68.365000,0.000000,top
"C22","10n","C_0805_2012Metric",119.325000,-68.365000,0.000000,top
"C23","330n","C_0805_2012Metric",124.115000,-68.365000,0.000000,top
"C24","10u","C_0805_2012Metric",128.905000,-68.365000,0.000000,top
"C25","100n/50V","C_0805_2012Metric",194.535000,-95.525000,0.000000,top
"C26","100n/50V","C_0805_2012Metric",164.535000,-95.525000,0.000000,top
"C27","100n/50V","C_0805_2012Metric",134.535000,-95.525000,0.000000,top
"C28","100n/50V","C_0805_2012Metric",112.035000,-95.525000,0.000000,top
"C29","100n/50V","C_0805_2012Metric",133.695000,-68.365000,0.000000,top
"C31","100n/50V","C_0805_2012Metric",179.045000,-111.315000,0.000000,top
"C32","10n/50V","C_0805_2012Metric",188.000000,-139.800000,0.000000,top
"C33","10u/16V","C_0805_2012Metric",183.835000,-111.315000,0.000000,top
"C35","100n/50V","C_0805_2012Metric",194.045000,-111.315000,0.000000,top
"C36","10n/50V","C_0805_2012Metric",203.000000,-139.800000,0.000000,top
"C37","10u/16V","C_0805_2012Metric",198.835000,-111.315000,0.000000,top
"C39","100n/50V","C_0805_2012Metric",209.045000,-111.315000,0.000000,top
"C40","10n/50V","C_0805_2012Metric",218.000000,-139.800000,0.000000,top
"C41","10u/16V","C_0805_2012Metric",213.835000,-111.315000,0.000000,top
"C43","100n/50V","C_0805_2012Metric",149.045000,-111.315000,0.000000,top
"C44","10n/50V","C_0805_2012Metric",158.000000,-139.800000,0.000000,top
"C45","10u/16V","C_0805_2012Metric",153.835000,-111.315000,0.000000,top
"C47","100n/50V","C_0805_2012Metric",119.045000,-111.315000,0.000000,top
"C48","10n/50V","C_0805_2012Metric",128.000000,-139.800000,0.000000,top
"C49","10u/16V","C_0805_2012Metric",123.835000,-111.315000,0.000000,top
"C51","100n/50V","C_0805_2012Metric",134.045000,-111.315000,0.000000,top
"C52","10n/50V","C_0805_2012Metric",143.000000,-139.800000,0.000000,top
"C53","10u/16V","C_0805_2012Metric",138.835000,-111.315000,0.000000,top
"C55","100n/50V","C_0805_2012Metric",104.045000,-111.315000,0.000000,top
"C56","10n/50V","C_0805_2012Metric",113.000000,-139.800000,0.000000,top
"C57","10u/16V","C_0805_2012Metric",108.835000,-111.315000,0.000000,top
"C59","100n/50V","C_0805_2012Metric",164.045000,-111.315000,0.000000,top
"C60","10n/50V","C_0805_2012Metric",173.000000,-139.800000,0.000000,top
"C61","10u/16V","C_0805_2012Metric",168.835000,-111.315000,0.000000,top
"C62","1u/50V","C_0805_2012Metric",201.275000,-68.505000,0.000000,top
"D1","SMCJ33A","D_SMC",149.000000,-59.500000,90.000000,top
"D2","SS34","D_SMA",187.545000,-63.985000,0.000000,top
"D3","SMBJ33A","D_SMB",209.775000,-54.295000,0.000000,top
"D4","BAV99","SOT-23",167.555000,-70.245000,0.000000,top
"D5","BAV99","SOT-23",172.805000,-70.245000,0.000000,top
"D6","BAV99","SOT-23",178.055000,-70.245000,0.000000,top
"D7","BAV99","SOT-23",143.975000,-80.795000,0.000000,top
"D8","BAV99","SOT-23",149.225000,-80.795000,0.000000,top
"D9","BAT54","SOT-23",120.475000,-64.295000,0.000000,top
"D10","BAT54","SOT-23",137.745000,-53.745000,0.000000,top
"D11","BAT54","SOT-23",109.975000,-64.295000,0.000000,top
"D12","BAT54","SOT-23",115.225000,-64.295000,0.000000,top
"D13","GREEN","LED_0805_2012Metric",178.900000,-142.000000,0.000000,top
"D14","RED","LED_0805_2012Metric",188.605000,-111.285000,0.000000,top
"D15","BAT54","SOT-23",179.275000,-107.245000,0.000000,top
"D16","BAT54","SOT-23",184.525000,-107.245000,0.000000,top
"D17","GREEN","LED_0805_2012Metric",193.900000,-142.000000,0.000000,top
"D18","RED","LED_0805_2012Metric",203.605000,-111.285000,0.000000,top
"D19","BAT54","SOT-23",194.275000,-107.245000,0.000000,top
"D20","BAT54","SOT-23",199.525000,-107.245000,0.000000,top
"D21","GREEN","LED_0805_2012Metric",208.900000,-142.000000,0.000000,top
"D22","RED","LED_0805_2012Metric",218.605000,-111.285000,0.000000,top
"D23","BAT54","SOT-23",209.275000,-107.245000,0.000000,top
"D24","BAT54","SOT-23",214.525000,-107.245000,0.000000,top
"D25","GREEN","LED_0805_2012Metric",148.900000,-142.000000,0.000000,top
"D26","RED","LED_0805_2012Metric",158.605000,-111.285000,0.000000,top
"D27","BAT54","SOT-23",149.275000,-107.245000,0.000000,top
"D28","BAT54","SOT-23",154.525000,-107.245000,0.000000,top
"D29","GREEN","LED_0805_2012Metric",118.900000,-142.000000,0.000000,top
"D30","RED","LED_0805_2012Metric",128.605000,-111.285000,0.000000,top
"D31","BAT54","SOT-23",119.275000,-107.245000,0.000000,top
"D32","BAT54","SOT-23",124.525000,-107.245000,0.000000,top
"D33","GREEN","LED_0805_2012Metric",133.900000,-142.000000,0.000000,top
"D34","RED","LED_0805_2012Metric",143.605000,-111.285000,0.000000,top
"D35","BAT54","SOT-23",134.275000,-107.245000,0.000000,top
"D36","BAT54","SOT-23",139.525000,-107.245000,0.000000,top
"D37","GREEN","LED_0805_2012Metric",103.900000,-142.000000,0.000000,top
"D38","RED","LED_0805_2012Metric",113.605000,-111.285000,0.000000,top
"D39","BAT54","SOT-23",104.275000,-107.245000,0.000000,top
"D40","BAT54","SOT-23",109.525000,-107.245000,0.000000,top
"D41","GREEN","LED_0805_2012Metric",163.900000,-142.000000,0.000000,top
"D42","RED","LED_0805_2012Metric",173.605000,-111.285000,0.000000,top
"D43","BAT54","SOT-23",164.275000,-107.245000,0.000000,top
"D44","BAT54","SOT-23",169.525000,-107.245000,0.000000,top
"D45","18V 1W SMAZ18","D_SMA",195.935000,-63.985000,0.000000,top
"F1","0.5A PTC 1812L050/33","Fuse_1812_4532Metric",203.775000,-64.185000,0.000000,top
"J1","HCCPHPE24BKA90F","Aptiv_SICMA_HCCPHPE24BKA90F_24P_RA",186.970000,-150.100000,0.000000,top
"JP1","LS/+12V","PinHeader_1x03_P2.54mm_Vertical",152.605000,-70.315000,0.000000,top
"JP2","LS/+12V","PinHeader_1x03_P2.54mm_Vertical",157.535000,-70.315000,0.000000,top
"JP3","LS/+12V","PinHeader_1x03_P2.54mm_Vertical",162.465000,-70.315000,0.000000,top
"Q1","BSS84","SOT-23",125.725000,-64.295000,0.000000,top
"Q2","BSP75N","SOT-223-3_TabPin2",130.025000,-55.645000,0.000000,top
"R3","10k","R_0805_2012Metric",153.225000,-84.835000,0.000000,top
"R4","47k","R_0805_2012Metric",157.975000,-84.835000,0.000000,top
"R5","10k","R_0805_2012Metric",162.725000,-84.835000,0.000000,top
"R6","47k","R_0805_2012Metric",167.475000,-84.835000,0.000000,top
"R7","10k","R_0805_2012Metric",172.225000,-84.835000,0.000000,top
"R8","47k","R_0805_2012Metric",176.975000,-84.835000,0.000000,top
"R9","10k","R_0805_2012Metric",143.725000,-88.125000,0.000000,top
"R10","47k","R_0805_2012Metric",178.175000,-80.045000,0.000000,top
"R11","10k","R_0805_2012Metric",143.725000,-84.835000,0.000000,top
"R12","47k","R_0805_2012Metric",148.475000,-84.835000,0.000000,top
"R13","35k7 1%","R_0805_2012Metric",109.725000,-71.685000,0.000000,top
"R14","10k 1%","R_0805_2012Metric",114.475000,-71.685000,0.000000,top
"R15","66k5 1%","R_0805_2012Metric",119.225000,-71.685000,0.000000,top
"R16","10k 1%","R_0805_2012Metric",123.975000,-71.685000,0.000000,top
"R17","68k1 1%","R_0805_2012Metric",128.725000,-71.685000,0.000000,top
"R18","100k 1%","R_0805_2012Metric",133.475000,-71.685000,0.000000,top
"R19","100k","R_0805_2012Metric",138.225000,-71.685000,0.000000,top
"R20","100k","R_0805_2012Metric",109.725000,-74.975000,0.000000,top
"R21","100k","R_0805_2012Metric",114.475000,-74.975000,0.000000,top
"R22","1M","R_0805_2012Metric",119.225000,-74.975000,0.000000,top
"R23","22k","R_0805_2012Metric",123.975000,-74.975000,0.000000,top
"R24","300k","R_0805_2012Metric",128.725000,-74.975000,0.000000,top
"R25","10k","R_0805_2012Metric",133.475000,-74.975000,0.000000,top
"R26","10k","R_0805_2012Metric",138.225000,-74.975000,0.000000,top
"R27","10k","R_0805_2012Metric",109.725000,-78.265000,0.000000,top
"R28","10k","R_0805_2012Metric",114.475000,-78.265000,0.000000,top
"R29","10k","R_0805_2012Metric",119.225000,-78.265000,0.000000,top
"R30","4k7","R_0805_2012Metric",123.975000,-78.265000,0.000000,top
"R31","100k","R_0805_2012Metric",128.725000,-78.265000,0.000000,top
"R32","4k7","R_0805_2012Metric",179.025000,-114.635000,0.000000,top
"R33","4k7","R_0805_2012Metric",183.775000,-114.635000,0.000000,top
"R34","47R","R_0805_2012Metric",188.525000,-114.635000,0.000000,top
"R35","1k 1%","R_0805_2012Metric",179.025000,-117.925000,0.000000,top
"R36","10k","R_0805_2012Metric",183.775000,-117.925000,0.000000,top
"R37","3k9","R_0805_2012Metric",181.000000,-139.800000,180.000000,top
"R38","1k","R_0805_2012Metric",188.525000,-117.925000,0.000000,top
"R39","10k","R_0805_2012Metric",179.025000,-121.215000,0.000000,top
"R40","4k7","R_0805_2012Metric",194.025000,-114.635000,0.000000,top
"R41","4k7","R_0805_2012Metric",198.775000,-114.635000,0.000000,top
"R42","47R","R_0805_2012Metric",203.525000,-114.635000,0.000000,top
"R43","1k 1%","R_0805_2012Metric",194.025000,-117.925000,0.000000,top
"R44","10k","R_0805_2012Metric",198.775000,-117.925000,0.000000,top
"R45","3k9","R_0805_2012Metric",196.000000,-139.800000,180.000000,top
"R46","1k","R_0805_2012Metric",203.525000,-117.925000,0.000000,top
"R47","10k","R_0805_2012Metric",194.025000,-121.215000,0.000000,top
"R48","4k7","R_0805_2012Metric",209.025000,-114.635000,0.000000,top
"R49","4k7","R_0805_2012Metric",213.775000,-114.635000,0.000000,top
"R50","47R","R_0805_2012Metric",218.525000,-114.635000,0.000000,top
"R51","1k 1%","R_0805_2012Metric",209.025000,-117.925000,0.000000,top
"R52","10k","R_0805_2012Metric",213.775000,-117.925000,0.000000,top
"R53","3k9","R_0805_2012Metric",211.000000,-139.800000,180.000000,top
"R54","1k","R_0805_2012Metric",218.525000,-117.925000,0.000000,top
"R55","10k","R_0805_2012Metric",209.025000,-121.215000,0.000000,top
"R56","4k7","R_0805_2012Metric",149.025000,-114.635000,0.000000,top
"R57","4k7","R_0805_2012Metric",153.775000,-114.635000,0.000000,top
"R58","47R","R_0805_2012Metric",158.525000,-114.635000,0.000000,top
"R59","1k 1%","R_0805_2012Metric",149.025000,-117.925000,0.000000,top
"R60","10k","R_0805_2012Metric",153.775000,-117.925000,0.000000,top
"R61","3k9","R_0805_2012Metric",151.000000,-139.800000,180.000000,top
"R62","1k","R_0805_2012Metric",158.525000,-117.925000,0.000000,top
"R63","10k","R_0805_2012Metric",149.025000,-121.215000,0.000000,top
"R64","4k7","R_0805_2012Metric",119.025000,-114.635000,0.000000,top
"R65","4k7","R_0805_2012Metric",123.775000,-114.635000,0.000000,top
"R66","47R","R_0805_2012Metric",128.525000,-114.635000,0.000000,top
"R67","1k 1%","R_0805_2012Metric",119.025000,-117.925000,0.000000,top
"R68","10k","R_0805_2012Metric",123.775000,-117.925000,0.000000,top
"R69","3k9","R_0805_2012Metric",121.000000,-139.800000,180.000000,top
"R70","1k","R_0805_2012Metric",128.525000,-117.925000,0.000000,top
"R71","10k","R_0805_2012Metric",119.025000,-121.215000,0.000000,top
"R72","4k7","R_0805_2012Metric",134.025000,-114.635000,0.000000,top
"R73","4k7","R_0805_2012Metric",138.775000,-114.635000,0.000000,top
"R74","47R","R_0805_2012Metric",143.525000,-114.635000,0.000000,top
"R75","1k 1%","R_0805_2012Metric",134.025000,-117.925000,0.000000,top
"R76","10k","R_0805_2012Metric",138.775000,-117.925000,0.000000,top
"R77","3k9","R_0805_2012Metric",136.000000,-139.800000,180.000000,top
"R78","1k","R_0805_2012Metric",143.525000,-117.925000,0.000000,top
"R79","10k","R_0805_2012Metric",134.025000,-121.215000,0.000000,top
"R80","4k7","R_0805_2012Metric",104.025000,-114.635000,0.000000,top
"R81","4k7","R_0805_2012Metric",108.775000,-114.635000,0.000000,top
"R82","47R","R_0805_2012Metric",113.525000,-114.635000,0.000000,top
"R83","1k 1%","R_0805_2012Metric",104.025000,-117.925000,0.000000,top
"R84","10k","R_0805_2012Metric",108.775000,-117.925000,0.000000,top
"R85","3k9","R_0805_2012Metric",106.000000,-139.800000,180.000000,top
"R86","1k","R_0805_2012Metric",113.525000,-117.925000,0.000000,top
"R87","10k","R_0805_2012Metric",104.025000,-121.215000,0.000000,top
"R88","4k7","R_0805_2012Metric",164.025000,-114.635000,0.000000,top
"R89","4k7","R_0805_2012Metric",168.775000,-114.635000,0.000000,top
"R90","47R","R_0805_2012Metric",173.525000,-114.635000,0.000000,top
"R91","1k 1%","R_0805_2012Metric",164.025000,-117.925000,0.000000,top
"R92","10k","R_0805_2012Metric",168.775000,-117.925000,0.000000,top
"R93","3k9","R_0805_2012Metric",166.000000,-139.800000,180.000000,top
"R94","1k","R_0805_2012Metric",173.525000,-117.925000,0.000000,top
"R95","10k","R_0805_2012Metric",164.025000,-121.215000,0.000000,top
"R96","470R","R_1206_3216Metric",186.325000,-68.655000,0.000000,top
"R97","1k","R_0805_2012Metric",210.835000,-68.475000,0.000000,top
"U1","LM2937IMP-5.0","SOT-223-3_TabPin2",200.335000,-55.645000,0.000000,top
"U3","74HC86-Q100","SOIC-14_3.9x8.7mm_P1.27mm",145.745000,-73.125000,0.000000,top
"U4","74HC86-Q100","SOIC-14_3.9x8.7mm_P1.27mm",111.745000,-56.625000,0.000000,top
"U5","LM2901AVQDR (-Q1)","SOIC-14_3.9x8.7mm_P1.27mm",187.745000,-99.125000,0.000000,top
"U6","LM2901AVQDR (-Q1)","SOIC-14_3.9x8.7mm_P1.27mm",157.745000,-99.125000,0.000000,top
"U7","LM2901AVQDR (-Q1)","SOIC-14_3.9x8.7mm_P1.27mm",127.745000,-99.125000,0.000000,top
"U8","LM2901AVQDR (-Q1)","SOIC-14_3.9x8.7mm_P1.27mm",105.245000,-99.125000,0.000000,top
"U9","LM2901AVQDR (-Q1)","SOIC-14_3.9x8.7mm_P1.27mm",120.535000,-56.625000,0.000000,top
"U10","BTS7002-1EPP","Infineon_PG-TSDSO-14-22",184.500000,-134.500000,-90.000000,top
"U11","BTS7002-1EPP","Infineon_PG-TSDSO-14-22",199.500000,-134.500000,-90.000000,top
"U12","BTS7002-1EPP","Infineon_PG-TSDSO-14-22",214.500000,-134.500000,-90.000000,top
"U13","BTS7002-1EPP","Infineon_PG-TSDSO-14-22",154.500000,-134.500000,-90.000000,top
"U14","BTS7002-1EPP","Infineon_PG-TSDSO-14-22",124.500000,-134.500000,-90.000000,top
"U15","BTS7002-1EPP","Infineon_PG-TSDSO-14-22",139.500000,-134.500000,-90.000000,top
"U16","BTS7002-1EPP","Infineon_PG-TSDSO-14-22",109.500000,-134.500000,-90.000000,top
"U17","BTS7002-1EPP","Infineon_PG-TSDSO-14-22",169.500000,-134.500000,-90.000000,top
